{"flutter":{"platforms":{"android":{"default":{"projectId":"ecorutas-f203f","appId":"1:127168271990:android:6681bc7b37978c9f93f157","fileOutput":"android/app/google-services.json"}},"dart":{"lib/firebase_options.dart":{"projectId":"ecorutas-f203f","configurations":{"android":"1:127168271990:android:6681bc7b37978c9f93f157","ios":"1:127168271990:ios:aaae83be1bd90e6693f157","macos":"1:127168271990:ios:aaae83be1bd90e6693f157","web":"1:127168271990:web:2842f0b5b21a2e2593f157","windows":"1:127168271990:web:0392a8c04683184f93f157"}}}}}}